Workbook

Sheet Test Audit
A1: Section | B1: Testing Step | C1: Test Input | D1: Expected Result | E1: Actual Result | F1: Status (Pass/Fail) | G1: Personal Comments & Suggestions
A2: Dashboard | B2: Verify Dashboard page loads after login | C2: N/A (already authenticated session) | D2: Dashboard should load with navigation bar, feed, and sidebar widgets | E2: Dashboard loaded correctly showing nav bar (Dashboard/Training/Maps/Challenges), activity feed, and sidebar profile card | F2: Pass | G2: Page loaded cleanly and the layout felt well organized.
A3: Dashboard | B3: Verify top navigation menu items (Dashboard, Training, Maps, Challenges) | C3: Observe each menu label | D3: Each menu item should be visible with the active tab underlined | E3: All four nav items displayed; 'Dashboard' tab shown as active with an orange underline | F3: Pass | G3: Navigation is clear and easy to find.
A4: Dashboard | B4: Verify profile icon dropdown in top-right corner | C4: Click profile avatar 'D' | D4: Dropdown should expand with account-related options | E4: Profile avatar with a dropdown arrow displayed next to the notification bell | F4: Pass | G4: Standard placement, consistent with common web apps.
A5: Dashboard | B5: Verify 'Start Trial' call-to-action button in header | C5: Observe header button | D5: Button should be visible and lead to the subscription page | E5: Orange 'Start Trial' button visible in the header on every page observed | F5: Pass | G5: The same CTA repeats in the header, banner, and sidebar - a little repetitive.
A6: Dashboard | B6: Verify sidebar profile summary (Following/Followers/Activities counts) | C6: N/A | D6: Should display correct counts for the logged-in athlete | E6: Sidebar showed Following: 0, Followers: 0, Activities: 3, matching the Profile > Following page | F6: Pass | G6: Numbers were consistent across Dashboard and Profile pages.
A7: Dashboard | B7: Verify 'Latest Activity' widget | C7: N/A | D7: Should show the most recent logged activity with name and date | E7: 'Evening Run - 22 Aug 2026' displayed correctly | F7: Pass | G7: Good quick-glance summary widget.
A8: Dashboard | B8: Verify 'Your streak' widget | C8: N/A | D8: Should show current activity streak information | E8: Streak widget showed '1 Week' with a prompt to log an activity | F8: Pass | G8: Motivational nudge is a nice touch for engagement.
A9: Dashboard | B9: Verify Relative Effort info (i) icon opens Glossary modal | C9: Click info icon next to 'RELATIVE EFFORT' | D9: A Glossary popup should open explaining the metric | E9: Glossary modal opened showing the 'Relative Effort' definition with related terms listed on the left | F9: Pass | G9: Definition was clear and easy to understand for a new user.
A10: Activity Details | B10: Open an activity from the Dashboard feed | C10: Click 'Evening Run' activity card | D10: Activity Details page should open, showing full activity data | E10: Opened 'Dhananjay Patil - Run' overview page with date, distance, and stats | F10: Pass | G10: Transition from feed to detail page was smooth.
A11: Activity Details | B11: Verify activity header information (title, date/time, location) | C11: N/A | D11: Should show correct title, timestamp, and location | E11: Displayed 'Evening Run', '18:30 on Thursday, 9 July 2026 - Daskroi Taluka, Gujarat' | F11: Pass | G11: Location detail is a nice, privacy-aware level of granularity.
A12: Activity Details | B12: Verify key activity stats (Distance, Moving Time, Pace) | C12: N/A | D12: Values should be realistic for a 5-6 km run and consistent with each other | E12: Distance 5.74 km, Moving Time 45:34, Pace 7:56/km - realistic and consistent with the Splits table | F12: Pass | G12: Stats matched the Splits table exactly.
... A42: Logout | B42: Verify logout clears session and protects pages afterward | C42: N/A | D42: Logout should end the session and redirect to the login page; protected pages should then be inaccessible | E42: Not tested - logging out was avoided so the authenticated session could be reused for the rest of this practical's screenshots | F42: Blocked | G42: This should be the very last test in a real QA cycle, ideally on a disposable test account.

Sheet Automation Analysis
A1: Test Case ID | B1: Functionality | C1: Critical | D1: Frequently Executed | E1: Stable | F1: Automation Recommended | G1: Reason | H1: Automation Tool
A2: TC001 | B2: Dashboard Load & Navigation | C2: Yes | D2: Yes | E2: Yes | F2: Yes | G2: Executed on every visit, stable layout, ideal regression check | H2: Selenium + Python
A3: TC002 | B3: Activity Details - Stats & Splits Display | C3: Yes | D3: Yes | E3: Yes | F3: Yes | G3: Core value proposition, stable data table structure, executed frequently | H3: Selenium + Python
A4: TC003 | B4: Activity Map & Elevation Chart Rendering | C4: No | D4: Medium | E4: No | F4: No | G4: Highly interactive canvas/SVG widget with dynamic third-party map tiles; brittle locators | H4: Manual Testing
A5: TC004 | B5: Profile Navigation (tabs, stats) | C5: Yes | D5: Yes | E5: Yes | F5: Yes | G5: Repetitive navigation across stable tabs, good automation candidate | H5: Selenium + Python
A6: TC005 | B6: Following / Suggested Athletes List | C6: No | D6: Medium | E6: Medium | F6: No | G6: List content (suggested users) changes per session/algorithm, weak locators for automated assertions | H6: Manual Testing
A7: TC006 | B7: Glossary Modal Open/Close & Tab Switch | C7: No | D7: Medium | E7: Yes | F7: Yes | G7: Small, stable, repetitive UI component, easy to script reliably | H7: Selenium + Python
A8: TC007 | B8: Subscription Landing Page Load | C8: Yes | D8: Low | E8: Yes | F8: Yes | G8: Business-critical revenue page with stable layout, good regression candidate | H8: Selenium + Python
A9: TC008 | B9: Subscription Checkout / Payment Form | C9: Yes | D9: Low | E9: No | F9: No | G9: Involves real billing/payment gateways (Apple Pay/Google Pay/Card); automating a live purchase is unsafe and often blocked by iframes/tokenization | H9: Manual Testing
A10: TC009 | B10: Login | C10: Yes | D10: Yes | E10: Yes | F10: Yes | G10: Critical, frequently executed, and stable - a textbook automation candidate once safely testable with a disposable account | H10: Selenium + Python
A11: TC010 | B11: Registration | C11: Yes | D11: No | E11: Yes | F11: Yes | G11: Stable form, but should be run against disposable/test accounts only | H11: Selenium + Python
A12: TC011 | B12: Search | C12: Yes | D12: Yes | E12: Yes | F12: Yes | G12: Frequently used, stable input/output pattern, good automation candidate | H12: Selenium + Python
... A17: TC016 | B17: Logout | C17: Yes | D17: Yes | E17: Yes | F17: Yes | G17: Simple, stable, repetitive action executed at the end of every regression cycle | H17: Selenium + Python

Sheet Regression Suite
A1: Regression Test ID | B1: Module | C1: Scenario | D1: Expected Result | E1: Actual Result | F1: Status
A2: RT001 | B2: Dashboard | C2: Reload Dashboard after a browsing session and verify layout/widgets | D2: Dashboard loads with nav bar, feed, and sidebar widgets intact | E2: Dashboard loaded correctly with all widgets present | F2: Pass
A3: RT002 | B3: Activity Details | C3: Re-open a previously viewed activity and verify stats/splits/map still render | D3: Activity stats, splits table, and map should render exactly as before | E3: Stats and splits rendered correctly; Elapsed Time anomaly persisted (see DEF001) | F3: Fail
A4: RT003 | B4: Activity Details | C4: Re-check the 'Your Recent Activities' widget on the activity page | D4: Widget should list the athlete's existing activities | E4: Widget still showed 'No recent activities found' (see DEF002) | F4: Fail
A5: RT004 | B5: Profile | C5: Re-open Profile page and verify stats/tabs remain consistent | D5: Profile tabs and stats should match the values seen on Dashboard | E5: Profile stats matched Dashboard counts (Activities: 3, Following: 0, Followers: 0) | F5: Pass
A6: RT005 | B6: Following | C6: Re-open Following tab and verify suggested athlete list still loads | D6: 'Who to Follow' list should populate with suggested athletes | E6: List loaded with 10 suggested athletes as before | F6: Pass
A7: RT006 | B7: Subscription | C7: Re-open Subscription landing page and verify pricing/timeline is unchanged | D7: Trial timeline and benefits list should render identically | E7: Timeline, benefits, and CTA button rendered identically to the first visit | F7: Pass
A8: RT007 | B8: Glossary | C8: Re-open the Relative Effort Glossary modal and switch tabs again | D8: Modal should open and tab switching should still work | E8: Modal opened and Perceived Exertion tab switch worked as expected | F8: Pass
A9: RT008 | B9: Login | C9: Re-verify login flow after any future update | D9: N/A - not executed | E9: Not tested in this cycle - session was kept authenticated throughout the practical | F9: Blocked
A10: RT009 | B10: Search | C10: Re-verify search flow after any future update | D10: N/A - not executed | E10: Not tested in this cycle - search page was not exercised | F10: Blocked
A11: RT010 | B11: Logout | C11: Re-verify logout flow after any future update | D11: N/A - not executed | E11: Not tested in this cycle - logout was avoided to preserve the session | F11: Blocked

Sheet Defect Analysis
A1: Defect ID | B1: Module | C1: Issue Description | D1: Severity | E1: Priority | F1: Expected Result | G1: Actual Result | H1: Status
A2: DEF001 | B2: Activity Details | C2: Elapsed Time field shows '1069:23:21' (~44.5 hours) for a 5.74 km run whose Moving Time is only 45:34, recorded via the Strava App | D2: Medium | E2: Medium | F2: Elapsed Time should be reasonably close to Moving Time for a continuously recorded outdoor run (allowing for brief pauses) | G2: Elapsed Time value is grossly inflated/anomalous compared to Moving Time | H2: Open
A3: DEF002 | B3: Activity Details - Recent Activities widget | C3: 'Your Recent Activities' section on the activity detail page displays 'No recent activities found', even though the athlete's Dashboard and Profile both confirm 3 logged activities | D3: Low | E3: Low | F3: Widget should list the athlete's actual recent activities | G3: Empty state ('No recent activities found') is shown instead of the expected activity list | H3: Open
A5: Note: Only genuine, observed anomalies are listed above. No defects were invented to fill this table.

Sheet Summary
A1: Strava Software Testing Audit - Regression Summary
A2: Metric | B2: Value
A3: Total Test Cases | B3: =COUNTA('Test Audit'!F2:F42) -> 41
A4: Passed | B4: =COUNTIF('Test Audit'!F2:F42,"Pass") -> 29
A5: Failed | B5: =COUNTIF('Test Audit'!F2:F42,"Fail") -> 2
A6: Blocked/Not Testable | B6: =COUNTIF('Test Audit'!F2:F42,"Blocked") -> 10
A7: Executed Test Cases (Pass+Fail) | B7: =B4+B5 -> 31
A8: Pass Percentage (of Executed) | B8: =IFERROR(B4/B7*100,0) -> 93.548387
A9: Automation Candidates | B9: =COUNTIF('Automation Analysis'!F2:F17,"Yes") -> 9
A10: Manual Testing Candidates | B10: =COUNTIF('Automation Analysis'!F2:F17,"No") -> 7
A11: Regression Test Cases | B11: =COUNTA('Regression Suite'!A2:A11) -> 10
A12: Defects Logged | B12: =COUNTA('Defect Analysis'!A2:A3) -> 2
A14: Note: Blocked/Not Testable cases are excluded from the Pass Percentage calculation, as required by the practical's rules.
A16: Module-wise Test Results
A17: Module | B17: Pass | C17: Fail/Blocked
A18: Dashboard | B18: =COUNTIFS('Test Audit'!A2:A42,"Dashboard",'Test Audit'!F2:F42,"Pass") -> 8 | C18: =COUNTIFS('Test Audit'!A2:A42,"Dashboard",'Test Audit'!F2:F42,"Fail")+COUNTIFS('Test Audit'!A2:A42,"Dashboard",'Test Audit'!F2:F42,"Blocked") -> 0
A19: Activity Details | B19: =COUNTIFS('Test Audit'!A2:A42,"Activity Details",'Test Audit'!F2:F42,"Pass") -> 9 | C19: =COUNTIFS('Test Audit'!A2:A42,"Activity Details",'Test Audit'!F2:F42,"Fail")+COUNTIFS('Test Audit'!A2:A42,"Activity Details",'Test Audit'!F2:F42,"Blocked") -> 2
A20: Profile | B20: =COUNTIFS('Test Audit'!A2:A42,"Profile",'Test Audit'!F2:F42,"Pass") -> 4 | C20: =COUNTIFS('Test Audit'!A2:A42,"Profile",'Test Audit'!F2:F42,"Fail")+COUNTIFS('Test Audit'!A2:A42,"Profile",'Test Audit'!F2:F42,"Blocked") -> 0
A21: Following | B21: =COUNTIFS('Test Audit'!A2:A42,"Following",'Test Audit'!F2:F42,"Pass") -> 2 | C21: =COUNTIFS('Test Audit'!A2:A42,"Following",'Test Audit'!F2:F42,"Fail")+COUNTIFS('Test Audit'!A2:A42,"Following",'Test Audit'!F2:F42,"Blocked") -> 1
A22: Subscription | B22: =COUNTIFS('Test Audit'!A2:A42,"Subscription",'Test Audit'!F2:F42,"Pass") -> 4 | C22: =COUNTIFS('Test Audit'!A2:A42,"Subscription",'Test Audit'!F2:F42,"Fail")+COUNTIFS('Test Audit'!A2:A42,"Subscription",'Test Audit'!F2:F42,"Blocked") -> 1
A23: Help/Glossary | B23: =COUNTIFS('Test Audit'!A2:A42,"Help/Glossary",'Test Audit'!F2:F42,"Pass") -> 2 | C23: =COUNTIFS('Test Audit'!A2:A42,"Help/Glossary",'Test Audit'!F2:F42,"Fail")+COUNTIFS('Test Audit'!A2:A42,"Help/Glossary",'Test Audit'!F2:F42,"Blocked") -> 0
A24: Login | B24: =COUNTIFS('Test Audit'!A2:A42,"Login",'Test Audit'!F2:F42,"Pass") -> 0 | C24: =COUNTIFS('Test Audit'!A2:A42,"Login",'Test Audit'!F2:F42,"Fail")+COUNTIFS('Test Audit'!A2:A42,"Login",'Test Audit'!F2:F42,"Blocked") -> 1
A25: Registration | B25: =COUNTIFS('Test Audit'!A2:A42,"Registration",'Test Audit'!F2:F42,"Pass") -> 0 | C25: =COUNTIFS('Test Audit'!A2:A42,"Registration",'Test Audit'!F2:F42,"Fail")+COUNTIFS('Test Audit'!A2:A42,"Registration",'Test Audit'!F2:F42,"Blocked") -> 1
A26: Explore | B26: =COUNTIFS('Test Audit'!A2:A42,"Explore",'Test Audit'!F2:F42,"Pass") -> 0 | C26: =COUNTIFS('Test Audit'!A2:A42,"Explore",'Test Audit'!F2:F42,"Fail")+COUNTIFS('Test Audit'!A2:A42,"Explore",'Test Audit'!F2:F42,"Blocked") -> 1
A27: Routes | B27: =COUNTIFS('Test Audit'!A2:A42,"Routes",'Test Audit'!F2:F42,"Pass") -> 0 | C27: =COUNTIFS('Test Audit'!A2:A42,"Routes",'Test Audit'!F2:F42,"Fail")+COUNTIFS('Test Audit'!A2:A42,"Routes",'Test Audit'!F2:F42,"Blocked") -> 1
A28: Clubs | B28: =COUNTIFS('Test Audit'!A2:A42,"Clubs",'Test Audit'!F2:F42,"Pass") -> 0 | C28: =COUNTIFS('Test Audit'!A2:A42,"Clubs",'Test Audit'!F2:F42,"Fail")+COUNTIFS('Test Audit'!A2:A42,"Clubs",'Test Audit'!F2:F42,"Blocked") -> 1
A29: Search | B29: =COUNTIFS('Test Audit'!A2:A42,"Search",'Test Audit'!F2:F42,"Pass") -> 0 | C29: =COUNTIFS('Test Audit'!A2:A42,"Search",'Test Audit'!F2:F42,"Fail")+COUNTIFS('Test Audit'!A2:A42,"Search",'Test Audit'!F2:F42,"Blocked") -> 1
A30: Settings | B30: =COUNTIFS('Test Audit'!A2:A42,"Settings",'Test Audit'!F2:F42,"Pass") -> 0 | C30: =COUNTIFS('Test Audit'!A2:A42,"Settings",'Test Audit'!F2:F42,"Fail")+COUNTIFS('Test Audit'!A2:A42,"Settings",'Test Audit'!F2:F42,"Blocked") -> 1
A31: Logout | B31: =COUNTIFS('Test Audit'!A2:A42,"Logout",'Test Audit'!F2:F42,"Pass") -> 0 | C31: =COUNTIFS('Test Audit'!A2:A42,"Logout",'Test Audit'!F2:F42,"Fail")+COUNTIFS('Test Audit'!A2:A42,"Logout",'Test Audit'!F2:F42,"Blocked") -> 1
